{"cameraMode":{"drawMode":0,"name":"Shaded","section":"Shading Mode"},"sceneLighting":false,"audioPlay":false,"sceneViewState":{"showFog":true,"showMaterialUpdate":true,"showSkybox":true,"showFlares":true,"showImageEffects":true,"showParticleSystems":true},"in2DMode":false,"pivot":{"x":4.687042236328125,"y":-0.228515625,"z":3.6884765625},"rotation":{"x":0.3940611481666565,"y":-0.057843293994665149,"z":0.024856556206941606,"w":0.9169253706932068},"size":11.132776260375977,"orthographic":true}