{"cameraMode":{"drawMode":0,"name":"Shaded","section":"Shading Mode"},"sceneLighting":false,"audioPlay":false,"sceneViewState":{"showFog":true,"showMaterialUpdate":true,"showSkybox":true,"showFlares":true,"showImageEffects":true,"showParticleSystems":true},"in2DMode":false,"pivot":{"x":-4.0,"y":0.859671413898468,"z":-2.9802322387695315e-8},"rotation":{"x":0.047972049564123157,"y":-0.24468089640140534,"z":0.012121607549488545,"w":0.9683403968811035},"size":3.4215614795684816,"orthographic":true}