{"cameraMode":{"drawMode":0,"name":"Shaded","section":"Shading Mode"},"sceneLighting":false,"audioPlay":false,"sceneViewState":{"showFog":true,"showMaterialUpdate":true,"showSkybox":true,"showFlares":true,"showImageEffects":true,"showParticleSystems":true},"in2DMode":false,"pivot":{"x":-3.296405076980591,"y":2.672091007232666,"z":0.5258885025978088},"rotation":{"x":0.6408006548881531,"y":0.043686024844646457,"z":-0.036565203219652179,"w":0.7655906677246094},"size":1.419243574142456,"orthographic":false}