{"cameraMode":{"drawMode":0,"name":"Shaded","section":"Shading Mode"},"sceneLighting":true,"audioPlay":false,"sceneViewState":{"showFog":true,"showMaterialUpdate":false,"showSkybox":true,"showFlares":true,"showImageEffects":true,"showParticleSystems":true},"in2DMode":false,"pivot":{"x":67.57371520996094,"y":171.661376953125,"z":-138.61920166015626},"rotation":{"x":-0.01369790080934763,"y":0.9436518549919128,"z":-0.32830387353897097,"w":-0.039372142404317859},"size":1196.7420654296875,"orthographic":false}